<?xml version="1.0"?>
<Runs Version="1" Minor="8">
	<Run Id="synth_1" Type="Ft3:Synth" SrcSet="sources_1" Part="xc6slx9tqg144-2" LaunchPart="xc6slx9tqg144-2" ConstrsSet="constrs_1" Description="PlanAhead Defaults (XST defaults with hierarchy)" State="current" Dir="$PRUNDIR/synth_1" LaunchTime="1508471884">
		<File Type="XST-NGC" Name="mojo_top_0.ngc"/>
		<File Type="RUN-STRAT" Name="$PDATADIR/runs/synth_1/synth_1.psg"/>
		<File Type="XST-SRP" Name="mojo_top_0.srp"/>
		<File Type="PA-XST" Name="mojo_top_0.xst"/>
		<File Type="RUN-SRCS" Name="$PDATADIR/runs/synth_1/sources.xml"/>
		<File Type="PA-XSTPRJ" Name="mojo_top_0.prj"/>
		<File Type="RUN-CONSTRS" Name="$PDATADIR/runs/synth_1/constrs_in.xml"/>
	</Run>
	<Run Id="impl_1" Type="Ft2:EntireDesign" SynthRun="synth_1" Part="xc6slx9tqg144-2" ConstrsSet="constrs_1" Description="ISE Defaults, including packing registers in IOs off" State="current"/>
</Runs>

